timestamp,temperature_c,do_mg_l,ph,quality_flag
2026-01-01T00:00:00,25.986,5.991,7.498,synthetic_ok
2026-01-01T00:10:00,26.114,5.981,7.47,synthetic_ok
2026-01-01T00:20:00,26.12,5.96,7.496,synthetic_ok
2026-01-01T00:30:00,26.142,5.972,7.523,synthetic_ok
2026-01-01T00:40:00,26.239,5.953,7.485,synthetic_ok
2026-01-01T00:50:00,26.115,5.947,7.526,synthetic_ok
2026-01-01T01:00:00,26.263,5.917,7.511,synthetic_ok
2026-01-01T01:10:00,26.155,5.894,7.51,synthetic_ok
2026-01-01T01:20:00,26.429,5.885,7.508,synthetic_ok
2026-01-01T01:30:00,26.408,5.924,7.478,synthetic_ok
2026-01-01T01:40:00,26.479,5.797,7.448,synthetic_ok
2026-01-01T01:50:00,26.401,5.816,7.518,synthetic_ok
2026-01-01T02:00:00,26.566,5.789,7.517,synthetic_ok
2026-01-01T02:10:00,26.437,5.834,7.494,synthetic_ok
2026-01-01T02:20:00,26.585,5.869,7.513,synthetic_ok
2026-01-01T02:30:00,26.644,5.85,7.51,synthetic_ok
2026-01-01T02:40:00,26.58,5.771,7.491,synthetic_ok
2026-01-01T02:50:00,26.726,5.785,7.547,synthetic_ok
2026-01-01T03:00:00,26.625,5.733,7.515,synthetic_ok
2026-01-01T03:10:00,26.879,5.804,7.517,synthetic_ok
2026-01-01T03:20:00,26.909,5.765,7.472,synthetic_ok
2026-01-01T03:30:00,26.74,5.81,7.471,synthetic_ok
2026-01-01T03:40:00,26.823,5.767,7.494,synthetic_ok
2026-01-01T03:50:00,26.916,5.776,7.546,synthetic_ok
2026-01-01T04:00:00,26.928,5.71,7.489,synthetic_ok
2026-01-01T04:10:00,26.804,5.782,7.489,synthetic_ok
2026-01-01T04:20:00,26.899,5.766,7.486,synthetic_ok
2026-01-01T04:30:00,26.895,5.631,7.478,synthetic_ok
2026-01-01T04:40:00,26.883,5.739,7.524,synthetic_ok
2026-01-01T04:50:00,26.952,5.727,7.503,synthetic_ok
2026-01-01T05:00:00,27.074,5.755,7.505,synthetic_ok
2026-01-01T05:10:00,26.875,5.752,7.508,synthetic_ok
2026-01-01T05:20:00,27.108,5.703,7.539,synthetic_ok
2026-01-01T05:30:00,26.956,5.782,7.502,synthetic_ok
2026-01-01T05:40:00,26.945,5.645,7.497,synthetic_ok
2026-01-01T05:50:00,27.141,5.741,7.514,synthetic_ok
2026-01-01T06:00:00,26.762,5.736,7.511,synthetic_ok
2026-01-01T06:10:00,26.944,5.669,7.5,synthetic_ok
2026-01-01T06:20:00,27.169,5.648,7.491,synthetic_ok
2026-01-01T06:30:00,27.128,5.68,7.493,synthetic_ok
2026-01-01T06:40:00,26.995,5.642,7.504,synthetic_ok
2026-01-01T06:50:00,26.855,,7.5,missing_do
2026-01-01T07:00:00,27.194,,7.527,missing_do
2026-01-01T07:10:00,26.823,5.708,7.506,synthetic_ok
2026-01-01T07:20:00,27.114,5.634,7.52,synthetic_ok
2026-01-01T07:30:00,26.983,5.8,7.514,synthetic_ok
2026-01-01T07:40:00,26.912,5.702,7.475,synthetic_ok
2026-01-01T07:50:00,26.907,5.724,7.54,synthetic_ok
2026-01-01T08:00:00,26.805,5.756,7.469,synthetic_ok
2026-01-01T08:10:00,26.804,5.76,7.516,synthetic_ok
2026-01-01T08:20:00,26.964,5.752,7.478,synthetic_ok
2026-01-01T08:30:00,26.839,5.788,7.51,synthetic_ok
2026-01-01T08:40:00,26.696,5.827,7.502,synthetic_ok
2026-01-01T08:50:00,26.807,5.843,7.512,synthetic_ok
2026-01-01T09:00:00,26.736,5.896,7.505,synthetic_ok
2026-01-01T09:10:00,26.646,5.803,7.53,synthetic_ok
2026-01-01T09:20:00,26.655,5.833,7.524,synthetic_ok
2026-01-01T09:30:00,26.557,5.731,7.506,synthetic_ok
2026-01-01T09:40:00,26.597,5.798,7.517,synthetic_ok
2026-01-01T09:50:00,26.598,5.789,7.51,synthetic_ok
2026-01-01T10:00:00,26.48,5.776,7.509,synthetic_ok
2026-01-01T10:10:00,26.457,5.824,7.51,synthetic_ok
2026-01-01T10:20:00,26.471,5.844,7.508,synthetic_ok
2026-01-01T10:30:00,26.484,5.85,7.508,synthetic_ok
2026-01-01T10:40:00,26.342,6.011,7.463,synthetic_ok
2026-01-01T10:50:00,26.37,5.894,7.498,synthetic_ok
2026-01-01T11:00:00,26.449,5.922,7.545,synthetic_ok
2026-01-01T11:10:00,26.172,5.953,7.49,synthetic_ok
2026-01-01T11:20:00,26.105,5.951,7.494,synthetic_ok
2026-01-01T11:30:00,26.151,5.856,7.54,synthetic_ok
2026-01-01T11:40:00,26.07,6.061,7.48,synthetic_ok
2026-01-01T11:50:00,26.073,6.145,7.483,synthetic_ok
2026-01-01T12:00:00,25.85,5.973,7.509,synthetic_ok
2026-01-01T12:10:00,26.026,6.078,7.495,synthetic_ok
2026-01-01T12:20:00,25.753,6.004,7.525,synthetic_ok
2026-01-01T12:30:00,25.916,5.941,7.499,synthetic_ok
2026-01-01T12:40:00,25.966,6.158,7.511,synthetic_ok
2026-01-01T12:50:00,25.814,6.003,7.483,synthetic_ok
2026-01-01T13:00:00,25.746,6.103,7.512,synthetic_ok
2026-01-01T13:10:00,25.651,6.033,7.484,synthetic_ok
2026-01-01T13:20:00,25.542,6.135,7.454,synthetic_ok
2026-01-01T13:30:00,25.584,6.137,7.53,synthetic_ok
2026-01-01T13:40:00,25.585,6.177,7.492,synthetic_ok
2026-01-01T13:50:00,25.464,6.105,7.531,synthetic_ok
2026-01-01T14:00:00,25.599,6.174,7.567,synthetic_ok
2026-01-01T14:10:00,25.459,6.192,7.506,synthetic_ok
2026-01-01T14:20:00,25.404,6.288,7.53,synthetic_ok
2026-01-01T14:30:00,25.251,6.163,7.509,synthetic_ok
2026-01-01T14:40:00,25.436,6.125,7.455,synthetic_ok
2026-01-01T14:50:00,25.134,6.199,7.498,synthetic_ok
2026-01-01T15:00:00,25.327,6.174,7.476,synthetic_ok
2026-01-01T15:10:00,25.06,6.238,7.507,synthetic_ok
2026-01-01T15:20:00,25.333,6.269,7.496,synthetic_ok
2026-01-01T15:30:00,25.342,6.231,7.487,synthetic_ok
2026-01-01T15:40:00,25.129,6.217,7.457,synthetic_ok
2026-01-01T15:50:00,25.172,6.266,7.493,synthetic_ok
2026-01-01T16:00:00,25.063,6.278,7.534,synthetic_ok
2026-01-01T16:10:00,25.117,6.241,7.488,synthetic_ok
2026-01-01T16:20:00,25.087,6.209,7.497,synthetic_ok
2026-01-01T16:30:00,25.082,6.369,7.519,synthetic_ok
2026-01-01T16:40:00,25.164,6.246,7.513,synthetic_ok
2026-01-01T16:50:00,24.932,6.302,7.508,synthetic_ok
2026-01-01T17:00:00,24.957,6.39,7.511,synthetic_ok
2026-01-01T17:10:00,24.833,6.321,7.492,synthetic_ok
2026-01-01T17:20:00,25.015,6.319,7.508,synthetic_ok
2026-01-01T17:30:00,24.805,6.24,7.515,synthetic_ok
2026-01-01T17:40:00,25.134,6.394,7.536,synthetic_ok
2026-01-01T17:50:00,24.795,6.338,7.462,synthetic_ok
2026-01-01T18:00:00,25.161,6.313,7.477,synthetic_ok
2026-01-01T18:10:00,25.202,6.332,7.462,synthetic_ok
2026-01-01T18:20:00,25.033,6.262,7.502,synthetic_ok
2026-01-01T18:30:00,24.962,6.366,7.472,synthetic_ok
2026-01-01T18:40:00,25.047,6.386,7.483,synthetic_ok
2026-01-01T18:50:00,25.045,6.303,7.486,synthetic_ok
2026-01-01T19:00:00,25.099,6.295,7.481,synthetic_ok
2026-01-01T19:10:00,25.222,6.326,7.497,synthetic_ok
2026-01-01T19:20:00,24.997,6.243,7.525,synthetic_ok
2026-01-01T19:30:00,25.061,6.3,7.496,synthetic_ok
2026-01-01T19:40:00,25.155,6.266,7.515,synthetic_ok
2026-01-01T19:50:00,25.095,6.308,7.513,synthetic_ok
2026-01-01T20:00:00,25.122,6.217,7.481,synthetic_ok
2026-01-01T20:10:00,25.083,6.204,7.517,synthetic_ok
2026-01-01T20:20:00,25.176,6.324,7.546,synthetic_ok
2026-01-01T20:30:00,25.209,6.161,7.492,synthetic_ok
2026-01-01T20:40:00,25.226,6.155,7.495,synthetic_ok
2026-01-01T20:50:00,25.291,6.198,7.485,synthetic_ok
2026-01-01T21:00:00,25.217,6.301,7.497,synthetic_ok
2026-01-01T21:10:00,25.241,6.184,7.519,synthetic_ok
2026-01-01T21:20:00,25.289,6.217,7.515,synthetic_ok
2026-01-01T21:30:00,25.466,6.253,7.489,synthetic_ok
2026-01-01T21:40:00,25.54,6.132,7.492,synthetic_ok
2026-01-01T21:50:00,25.582,6.202,7.5,synthetic_ok
2026-01-01T22:00:00,25.381,6.178,7.487,synthetic_ok
2026-01-01T22:10:00,25.446,6.106,7.505,synthetic_ok
2026-01-01T22:20:00,25.365,6.145,7.503,synthetic_ok
2026-01-01T22:30:00,25.559,6.167,7.512,synthetic_ok
2026-01-01T22:40:00,25.597,6.069,7.514,synthetic_ok
2026-01-01T22:50:00,25.548,6.074,7.487,synthetic_ok
2026-01-01T23:00:00,25.748,6.088,7.501,synthetic_ok
2026-01-01T23:10:00,25.897,6.076,7.494,synthetic_ok
2026-01-01T23:20:00,25.705,6.088,7.511,synthetic_ok
2026-01-01T23:30:00,26.015,6.002,7.501,synthetic_ok
2026-01-01T23:40:00,25.907,6.022,7.5,synthetic_ok
2026-01-01T23:50:00,25.785,6.054,7.513,synthetic_ok
